Company,Name,Crunchbase,Facebook,Github,Linkedin,Twitter
Xendit,Xendit,https://www.crunchbase.com/organization/xendit,https://www.facebook.com/xendit/,https://github.com/xendit,https://www.linkedin.com/company/xendit/,https://twitter.com/xenditco
Xendit,Moses Lo,,,,http://linkedin.com/in/moseslo,
Xendit,Bo Chen,,,,https://www.linkedin.com/in/bochen303,
Xendit,Juan Gonzalez,,,,https://www.linkedin.com/in/0505gonzalez,
Ajaib,Ajaib,https://www.crunchbase.com/organization/ajaib,,https://github.com/ajaibid,https://www.linkedin.com/company/ajaib-id,https://twitter.com/ajaib_investasi
Ajaib,Anderson Sumarli,,,,https://www.linkedin.com/in/andersonsumarli/,
Ajaib,Yada Piyajomkwan,,,,https://www.linkedin.com/in/yada-piyajomkwan-88713865/,
Shipper,Shipper,https://www.crunchbase.com/organization/shipper-35b4,https://www.facebook.com/shipperID,,https://www.linkedin.com/company/shipper-indonesia/,
Shipper,Budi Handoko,,,,https://www.linkedin.com/in/bhandoko/,
Shipper,Phil Opamuratawongse,,,,https://www.linkedin.com/in/phil-opamuratawongse-b87b9380/,
FAZZ,FAZZ,https://www.crunchbase.com/organization/fazz-financial,,,https://www.linkedin.com/company/fazz-financial-group/,
FAZZ,Jefriyanto,,,,https://id.linkedin.com/in/jefriyanto,
FAZZ,Hendra Kwik,,,,https://www.linkedin.com/in/hendra-kwik-4a291242?trk=hp-identity-name,
FAZZ,Ricky Winata,,,,https://www.linkedin.com/in/ricky-winata-75735458,
Spenmo,Spenmo,,https://www.facebook.com/Spenmosingapore,https://github.com/spenmo,https://www.linkedin.com/company/spenmo,
Spenmo,Mohandass Kalaichelvan,,,,https://www.linkedin.com/in/mohandasskalaichelvan/,
Spenmo,Isaq Ahmed Mukthar,,,,https://www.linkedin.com/in/isaqahmed/,
Aspire,Aspire,,https://www.facebook.com/AspireSingapore/,,https://www.linkedin.com/company/aspire-sea/,
Aspire,Andrea Baronchelli,,,,https://www.linkedin.com/in/andrea-baronchelli-0979a541/,
Aspire,Giovanni Casinelli,,,,https://linkedin.com/in/giovannicasinelli,https://twitter.com/CasinelliG
Super,Super,https://www.crunchbase.com/organization/super-1f7d,https://www.facebook.com/aplikasisuper,,https://www.linkedin.com/company/superapp-id/?viewAsMember=true,
Super,Michael Rendy Haryadi Tanuwidjaja,,,,https://id.linkedin.com/in/michael-rendy-3641ab67,
Super,Steven Wongsoredjo,,,,https://www.linkedin.com/in/stevenwongsoredjo/,
BukuWarung,BukuWarung,,https://www.facebook.com/bukuwarung,https://github.com/bukuwarung,https://www.linkedin.com/company/31532829/,https://twitter.com/BukuWarung_
BukuWarung,Abhinay Peddisetty,,,,https://www.linkedin.com/in/abh1nay/,https://twitter.com/abh1nay
BukuWarung,Chinmay Chauhan,,,,https://www.linkedin.com/in/chinmaychauhan/,https://twitter.com/chinmaychauhan
Unbabel,Unbabel,https://www.crunchbase.com/organization/unbabel,https://www.facebook.com/unbabel,https://github.com/Unbabel,https://www.linkedin.com/company/unbabel/,https://twitter.com/unbabel
Unbabel,Vasco Pedro,,,,https://www.linkedin.com/in/vascopedro/,https://twitter.com/justvasco
Unbabel,Bruno Prezado Silva,,,,https://www.linkedin.com/in/bruno-prezado-silva-b26a028/,
Snappr,Snappr,https://www.crunchbase.com/organization/snappr-2,https://www.facebook.com/snappr.co/,https://github.com/snappr,https://www.linkedin.com/company/snappr.co/,https://twitter.com/snappr_co
Snappr,Matt Schiller,,,,https://www.linkedin.com/in/mdschiller/,
PayMongo,PayMongo,https://www.crunchbase.com/organization/paymongo,https://www.facebook.com/paymongo,https://github.com/paymongo,https://www.linkedin.com/company/paymongo,https://twitter.com/paymongo
PayMongo,Luis Sia,,,,https://www.linkedin.com/in/luis-sia-356877148/,
X-Zell,X-Zell,https://www.crunchbase.com/organization/x-zell,,,https://www.linkedin.com/company/xzell,https://twitter.com/XZELLInc
X-Zell,Sebastian Punyaratabandhu Bhakdi,,,,https://www.linkedin.com/pub/sebastian-chakrit-punyaratabandhu-bhakdi/4a/357/8a3,
X-Zell,Prapat Suriyaphol,,,,http://th.linkedin.com/pub/prapat-suriyaphol/17/5b0/3b2,
Tech in Asia,Tech in Asia,https://www.crunchbase.com/organization/tech-in-asia,https://facebook.com/techinasia,https://github.com/techinasia,https://www.linkedin.com/company/tech-in-asia/,https://twitter.com/techinasia
Tech in Asia,Willis Wee,,,,http://www.linkedin.com/in/williswee,
Peeba,Peeba,https://www.crunchbase.com/organization/Peeba,,,https://www.linkedin.com/company/peeba,https://twitter.com/Peeba_official
Peeba,Jacky Lai,,,,http://www.linkedin.com/in/jackylaihk,
Proglix,Proglix,,https://www.facebook.com/profile.php?id=100086480051818,,https://www.linkedin.com/company/proglixindonesia/,
Proglix,Wynn Wijaya,,,,https://www.linkedin.com/in/wynn-wijaya-76a2a8a4/,
Proglix,Prawira Indrawan,,,,https://www.linkedin.com/in/prawira-indrawan-11826a256/,
Proglix,Wendy Wijaya,,,,https://www.linkedin.com/in/wendy-noel-wijaya-b9b6648b/,
Materee,Materee,,,,https://www.linkedin.com/company/materee-ycs22/,
Materee,Hansel Hansel,,,,https://www.linkedin.com/in/hansel-hansel-05247554,
Materee,Steven Walentino,,,,http://www.linkedin.com/in/steven-walentino,
Uwi,Uwi,,https://www.facebook.com/uwihomesph,,https://www.linkedin.com/company/uwi-homes/,https://twitter.com/uwi_ph
Uwi,Joseph Tan,,,,https://www.linkedin.com/in/r-joseph-tan-82967a161,
Uwi,Emmanuel Rex Rodriguez,,,,https://www.linkedin.com/in/rexrodriguez/,https://twitter.com/rex_rodr
Payable,Payable,,,,https://www.linkedin.com/company/payableid/,
Payable,Faza Fahleraz,,,,https://www.linkedin.com/in/ffahleraz/,https://twitter.com/ffahleraz
Payable,Gery Nugraha,,,,https://linkedin.com/in/gery-w-47bb86102,https://twitter.com/gerynugrh
Payable,Albert Sahala Theodore,,,,https://www.linkedin.com/in/albertsahala/,
Shipmates,Shipmates,https://www.crunchbase.com/organization/shipmates-7b21,https://www.facebook.com/shipmatesapp,,https://www.linkedin.com/company/shipmatesapp/,https://mobile.twitter.com/ShipmatesHQ
Shipmates,David Marquez,,,,https://ph.linkedin.com/in/dayvough,https://twitter.com/dayvough
Shipmates,Josh Supan,,,,http://www.linkedin.com/in/joshsupan/,
Ajourney,Ajourney,https://www.crunchbase.com/organization/ajourney,,,https://www.linkedin.com/company/ajourney,https://twitter.com/AjourneyHQ
Ajourney,Jonathan Low,,,,https://www.linkedin.com/in/jonathanlowhy/,https://twitter.com/jonathanlowhy
Ajourney,Cayter Goh,,,,https://www.linkedin.com/in/cayter-goh,
Ajourney,Thomas Jiang,,,,https://www.linkedin.com/in/thomas-jiang/,https://twitter.com/thomasjiangcy
Metafi,Raimie Tang,,,,https://www.linkedin.com/in/raimie-tang/,https://twitter.com/raimietang
Metafi,Arvind Ramesh,,,,https://www.linkedin.com/in/arvindbramesh/,https://twitter.com/arvindbr95
Delegasi,Delegasi,,,,https://www.linkedin.com/company/delegasi/,
Delegasi,Okky Pratama,,,,https://www.linkedin.com/in/yudha-okky-pratama-84217331/,https://twitter.com/okky_pratama
Delegasi,Ans Syuhada,,,,https://linkedin.com/in/anshorimuslim,https://twitter.com/ans4175
CrediBook,CrediBook,https://www.crunchbase.com/organization/credibook,https://www.facebook.com/credibook/,,https://id.linkedin.com/company/credibook,https://twitter.com/credibookid
CrediBook,Gabriel Frans,,,,https://www.linkedin.com/in/gbyfrans/,https://twitter.com/gbyfrans
CrediBook,Dekha Anggareska,,,,https://www.linkedin.com/in/dekha-anggareska-5a27374b/,
CrediBook,Christian Lie,,,,https://www.linkedin.com/in/christlie/,
Fresh Factory,Fresh Factory,,,,https://www.linkedin.com/company/freshfactoryid/,
Fresh Factory,Larry Ridwan,,,,https://www.linkedin.com/in/larry-ridwan-22671228/,https://twitter.com/larry_ridwan
Fresh Factory,Widijastoro Nugroho,,,,https://www.linkedin.com/in/widijastoro-nugroho-7b686b/,
Fresh Factory,Andre Septiano,,,,https://www.linkedin.com/in/andre-septiano-b69a40114/,
Bananas,Bananas,https://www.crunchbase.com/organization/bananas-6948,,,https://www.linkedin.com/company/bananasid/,https://twitter.com/BananasIndo
Bananas,Mario Gaw,,,,https://www.linkedin.com/in/mariogaw/,https://twitter.com/mariogaw
Bananas,Kristian F H Sinaulan,,,,https://www.linkedin.com/in/kristian-frits-harris-sinaulan-04610744,https://twitter.com/sinaulank
Finnix,Finnix,,,,https://www.linkedin.com/company/finnix-id,
Finnix,Reinhart Hermanus,,,,https://www.linkedin.com/in/reinhart-hermanus-6a149115/,https://twitter.com/reinharthrm
Finnix,Philip Moniaga,,,,https://www.linkedin.com/in/philipmoniaga/,https://twitter.com/philip_moniaga
Finnix,Sebastian Yaphy,,,,https://www.linkedin.com/in/syaphy/,
Poko,Poko,,,,https://www.linkedin.com/company/pokoapp/,https://twitter.com/poko_app
Poko,Geoffrey See,,,,https://www.linkedin.com/in/geoffreysee/,
Poko,Van Tran,,,,https://www.linkedin.com/in/tranngocvan210/,
Dealls – Jobs & Mentoring,Dealls – Jobs & Mentoring,,,,https://www.linkedin.com/company/dealls,
Dealls – Jobs & Mentoring,Andy Sudarman,,,,https://www.linkedin.com/in/andhikasudarman/,
Circular,Circular,https://www.crunchbase.com/organization/circular-0280,,,https://www.linkedin.com/company/nowcircular/,
Circular,Nicolas Ramsay,,,,https://www.linkedin.com/in/nicolasramsay/,
Circular,Yaniv Bernstein,,,,https://linkedin.com/in/ybernstein,https://twitter.com/ybernstein
Circular,George Oliver,,,,https://www.linkedin.com/in/george-oliver-81139754/,
Circular,Pantha Roy,,,,https://sg.linkedin.com/in/pantharoy,https://twitter.com/PanthaRoy
Powerhouse AI,Powerhouse AI,https://www.crunchbase.com/organization/powerhouse-ai,,,https://www.linkedin.com/company/powerhouse-ai/,
Powerhouse AI,Ivo Verhaegh,,,,https://www.linkedin.com/in/ivoverhaegh/,
Powerhouse AI,Kushal Pillay,,,,https://www.linkedin.com/in/kushalpillay/,
GIMO,GIMO,https://www.crunchbase.com/organization/gimo,https://www.facebook.com/gimo.vn/,,https://vn.linkedin.com/company/gimojsc,
GIMO,Quan Nguyen,,,,https://www.linkedin.com/in/quannguyen89/,
Finku,Finku,https://www.crunchbase.com/organization/finku,,,https://www.linkedin.com/company/finku/mycompany/?viewAsMember=true,
Finku,Shyam Kalairajah,,,,https://www.linkedin.com/in/shyam-kalairajah-61a705128/,
Finku,Reinaldo Tendean,,,,https://www.linkedin.com/in/reinaldo-tendean/,
Finku,Shylla Pramadhani,,,,http://linkedin.com/in/shylla,
Marathon Education,Marathon Education,,,,https://www.linkedin.com/company/marathon-education/?viewAsMember=true,
Marathon Education,Duc Pham,,,,https://sg.linkedin.com/in/duc-pham-b22b21101,
Marathon Education,Tung Tran,,,,https://www.linkedin.com/in/tranviettung/,
Unravel Carbon,Unravel Carbon,,,,https://www.linkedin.com/company/unravelcarbon/,
Unravel Carbon,Grace Sai,,,,https://www.linkedin.com/in/gracesai/,
Unravel Carbon,Marc Allen,,,,https://www.linkedin.com/in/marc-allen-90697227/,
PINA,PINA,,,,https://www.linkedin.com/company/pinaindonesia/,https://twitter.com/PINA_ID
PINA,Daniel van Leeuwen,,,,https://www.linkedin.com/in/dan-van-leeuwen-7429104/,
PINA,Christian Hermawan,,,,http://linkedin.com/in/christian-hermawan-26293952,
PINA,Fajar Kuntoro,,,,https://www.linkedin.com/in/fajar-kuntoro-35860354/,
PINA,Hendry Chou,,,,https://www.linkedin.com/in/hendry-chou-42251125/,
Take App,Take App,https://www.crunchbase.com/organization/take-app,https://www.facebook.com/takeappofficial,,https://www.linkedin.com/company/take-app/,
Take App,Youmin Kim,,,,https://www.linkedin.com/in/youmin/,https://twitter.com/youminkim
Durioo,Durioo,https://www.crunchbase.com/organization/durioo-dc5f,,,https://www.linkedin.com/company/durioocom,
Durioo,Sinan Ismail,,,,https://www.linkedin.com/in/sinanismail/,
Cera,Cera,,,,https://www.linkedin.com/company/getcera,https://twitter.com/GetCera
Cera,Phi Dang,,,,https://www.linkedin.com/in/phil-dang-07631648/,
Anfin,Anfin,https://www.crunchbase.com/organization/anfin,https://www.facebook.com/anfin.vn/,,https://www.linkedin.com/company/anfin-vn/mycompany/,
Anfin,Phuoc Tran,,,,https://www.linkedin.com/in/phuoc-tran-b9979611/,
Power to the Brand,Yee Meng (Daniel) Chua,,,,https://www.linkedin.com/in/yee-meng-chua-6845a990/,
Power to the Brand,Rasmus Chow,,,,https://www.linkedin.com/in/rasmuschow/,
Flagright,Flagright,https://www.crunchbase.com/organization/flagright,,https://github.com/flagright,https://www.linkedin.com/company/flagright,https://twitter.com/FlagrightHQ
Flagright,Baran Özkan,,,,https://www.linkedin.com/in/baranozkan/,https://twitter.com/bo_flagright
Flagright,Madhu G Nadig,,,,https://www.linkedin.com/in/madhugnadig/,https://twitter.com/MadhugNadig
Reforged Labs,Reforged Labs,https://www.crunchbase.com/organization/reforged-labs,,,https://www.linkedin.com/company/reforged-labs,
Reforged Labs,Robert Huynh,,,,https://www.linkedin.com/in/huynhrobert/,
Bakool,Bakool,,,,https://www.linkedin.com/company/radius-digitalmart,
Bakool,Ivan Darmawan,,,,https://www.linkedin.com/in/ivan-darmawan-850887b1/,
Bakool,Stephanie Wongsoredjo,,,,https://www.linkedin.com/in/stephanie-wongsoredjo/,
Sribuu,Sribuu,https://www.crunchbase.com/organization/sribuu,,https://github.com/sribuu,https://www.linkedin.com/company/sribuu,https://twitter.com/sribuu_id
Sribuu,Nadia Amalia,,,,https://www.linkedin.com/in/nadiaamalia/,
Sribuu,Nadia Fadhila,,,,https://www.linkedin.com/in/nadia-fadhila-b9ba4675,
Sribuu,Fransisca Susan,,,,https://www.linkedin.com/in/fransisca-susan-32a634b1/,
UpBanx,UpBanx,https://www.crunchbase.com/organization/upbanx,,,https://www.linkedin.com/company/upbanx,
UpBanx,Wafa Taftazani,,,,https://www.linkedin.com/in/wafataftazani/,https://twitter.com/wafataftazani
UpBanx,Alif Jafar Fatkhurrohman,,,,https://linkedin.com/in/alifjafar,
UpBanx,Hendri Wijaya,,,,http://linkedin.com/in/hendri-wijaya-b556901a5,
Whiz,Whiz,,,,https://www.linkedin.com/company/whiz-idn/,
Whiz,Dominic Sumarli,,,,https://www.linkedin.com/in/dominicsumarli/,
Whiz,Agnes Lie,,,,https://www.linkedin.com/in/agneswlie/,
Whiz,Frederick Widjaja,,,,https://www.linkedin.com/in/frw/,
Dropezy,Dropezy,https://www.crunchbase.com/organization/dropezy,https://www.facebook.com/dropezy,,https://www.linkedin.com/company/dropezy/,https://twitter.com/DropezyID
Dropezy,Chandni Chainani,,,,https://www.linkedin.com/in/chandni-chainani/,
Dropezy,Nitish Chellaram,,,,https://www.linkedin.com/in/niteshchellaram/,
Yezza,Yezza,,https://www.facebook.com/yezza,,https://www.linkedin.com/company/yezza,https://twitter.com/yezza_io
Yezza,Ammar Roslizar,,,,https://www.linkedin.com/in/ammarroslizar/,https://twitter.com/ammarroslizar
Yezza,Wan Aizuddin,,,,https://www.linkedin.com/in/wan-mohd-aizuddin-wan-mohamad-667158122/,
bipi,bipi,,https://www.facebook.com/bipi.id,,https://www.linkedin.com/company/bipi-id,
bipi,Yih Lin Teh,,,,https://www.linkedin.com/in/yih-lin-teh/,
bipi,David Chew,,,,https://www.linkedin.com/in/david-chew-ab5a5336/,
Transfez,Edo Windratno,,,,https://www.linkedin.com/in/edowindratno/,
Transfez,Bondan Herumurti,,,,https://www.linkedin.com/in/bondanherumurti/,https://twitter.com/bondanherumurti
Peakflo,Peakflo,https://www.crunchbase.com/organization/peakflo,,,https://www.linkedin.com/company/peakflo/,https://twitter.com/GetPeakflo
Peakflo,Saurabh Chauhan,,,,https://www.linkedin.com/in/saurabh-chauhan/,
Peakflo,Dmitry Vedenyapin,,,,https://www.linkedin.com/in/dmitryvedenyapin/,https://twitter.com/dima_vedenyapin
TazkerAI / Lumina,TazkerAI / Lumina,https://www.crunchbase.com/organization/lumina-6a60,https://www.facebook.com/lumina.mba/,,https://www.linkedin.com/company/tazker,https://twitter.com/tazker_ai
TazkerAI / Lumina,Aswin Andrison,,,,http://linkedin.com/in/aandrison,
TazkerAI / Lumina,Tri Ahmad Irfan,,,,https://www.linkedin.com/in/triahmadirfan/,https://www.twitter.com/irfan3
StafBook,StafBook,,,,https://www.linkedin.com/company/stafbook-com,
StafBook,Fransiskus Raymond,,,,https://www.linkedin.com/in/fransiskus-raymond-59b2604a/,
StafBook,Ghuniyu Fattah Rozaq,,,,https://www.linkedin.com/in/ghuniyu,https://twitter.com/ghuniyu
Titipku,Titipku,,https://www.facebook.com/titipkuofficial/,,https://id.linkedin.com/in/titipku-pt-terang-bagi-bangsa-749b1b142,
Titipku,Henri Suhardja,,,,https://id.linkedin.com/in/henri-suhardja-1881a4109,
Titipku,Ong Tek Tjan,,,,https://www.linkedin.com/in/ong-tek-tjan-533b2616/,
Adra,Adra,,,,https://www.linkedin.com/company/adra-ai/?viewAsMember=true,
Adra,Hamed Fesharaki,,,,http://www.linkedin.com/in/hamedfesharaki,
Adra,Liushifeng Chen,,,,https://www.linkedin.com/in/shifeng-chen-120534219/,
Adra,Yasaman Nematbakhsh,,,,https://www.linkedin.com/in/yasaman-nemat/,
Atlas,Yi Sung (Sung) Yong,,,,https://www.linkedin.com/in/yongyisung/,
Atlas,Shawn Liam,,,,https://www.linkedin.com/in/shawnliam/,
Atlas,Ernest Sim,,,,https://www.linkedin.com/in/ernestsim/,
Pandai,Pandai,https://www.crunchbase.com/organization/pandai-org,https://facebook.com/pandaiofficial,,https://linkedin.com/company/pandai,https://twitter.com/pandaiofficial/
Pandai,Khairul Anwar Mohamad Zaki,,,,https://www.linkedin.com/in/khairul-anwar-mohamad-zaki,
Pandai,Akmal Akhpah,,,,https://www.linkedin.com/in/akmalakhpah,https://twitter.com/akmalakhpah
Pandai,Suhaimi Ramly,,,,https://www.linkedin.com/in/suhaimi-ramly/,
Infina,Infina,,,,https://www.linkedin.com/company/infinavn/mycompany/,
Infina,James Vuong,,,,https://www.linkedin.com/in/jameslvuong/,
HitPay,HitPay,,https://www.facebook.com/HitPaynow/,https://github.com/hit-pay,https://www.linkedin.com/company/hit-pay,https://www.twitter.com/officialhitpay
HitPay,Aditya Haripurkar,,,,www.linkedin.com/in/adityaharipurkar,
HitPay,Nitin Muthyala,,,,http://linkedin.com/in/nitinmuthyala/,https://twitter.com/nenuNitin
Sirka,Sirka,https://www.crunchbase.com/organization/sirka,,,https://www.linkedin.com/company/sirkaio/,
Sirka,Dito Krista,,,,https://www.linkedin.com/in/dito-holanda/,https://twitter.com/ditokrista
Intellect,Intellect,https://www.crunchbase.com/organization/intellect-co,https://www.facebook.com/intellect.co/,,https://www.linkedin.com/company/intellecthq/,https://twitter.com/intellecthq
Intellect,Theodoric Chew,,,,https://linkedin.com/in/theodoricchew,https://twitter.com/theodoricchew
Intellect,Anurag Chutani,,,,https://www.linkedin.com/in/a7urag/,
Arrow,Arrow,,https://www.facebook.com/CheckoutwithArrow,,https://www.linkedin.com/company/arrowcheckout,
Arrow,Liat Beng Neo,,,,https://www.linkedin.com/in/liatbeng/,
Arrow,Sudhan Raj,,,,https://www.linkedin.com/in/sudhan-raj/,
Arrow,Sebastian Roervig,,,,https://www.linkedin.com/in/sebastianroervig/,
MindFi,MindFi,,https://www.facebook.com/mindfico,,https://sg.linkedin.com/company/mindfi.co,https://twitter.com/mindfico
MindFi,Bjorn Lee,,,,https://www.linkedin.com/in/bjornlee/,https://twitter.com/bjornlee
MindFi,Gangeshwar Krishnamurthy,,,,https://www.linkedin.com/in/gangeshwark,https://twitter.com/gangeshwark
MindFi,Leon CK Leong,,,,https://www.linkedin.com/in/leonck/,
MindFi,Anita Sadasivan,,,,https://www.linkedin.com/in/anitasadasivan/,
Warpfy,Warpfy,,https://www.facebook.com/Warpfy-102286585414161,,https://www.linkedin.com/company/warpfy/?viewAsMember=true,
Warpfy,Deepak Garg,,,,https://www.linkedin.com/in/deepak-garg-03675911/,https://twitter.com/DeepakGarg_D
Warpfy,Harris Cheng,,,,https://www.linkedin.com/in/harrischeng/,
Dreamerly,Viet Long Tran,,,,https://www.linkedin.com/in/longvtran/,
Dreamerly,Thanh Nguyen,,,,https://www.linkedin.com/in/thanh-n-43467a3a/,https://twitter.com/thanhmaster
Verihubs,Verihubs,https://www.crunchbase.com/organization/verihubs,,,https://www.linkedin.com/company/verihubs,
Verihubs,Rick Firnando,,,,https://www.linkedin.com/in/rickfirnando/,
Tablevibe,Tablevibe,https://www.crunchbase.com/organization/tablevibe-co,,,https://www.linkedin.com/company/tablevibe,
Tablevibe,Jeroen Rutten,,,,https://www.linkedin.com/in/jeroen-rutten-60499921/,
Tablevibe,Guido Caldara,,,,https://www.linkedin.com/in/guidocaldara/,
Tablevibe,Mathieu Sneep,,,,http://linkedin.com/in/mathieusneep,https://twitter.com/matpsne
Strive Math,Strive Math,,,https://github.com/StriveMath,https://www.linkedin.com/company/strivemath,
Strive Math,Tamir Shklaz,,,,https://www.linkedin.com/in/tamir-shklaz-32b446160/,
Strive Math,Pulkit Agarwal,,,,https://www.linkedin.com/in/agarwalpulkit/,
Advantage Club,Advantage Club,https://www.crunchbase.com/organization/advantage-club,https://www.facebook.com/advantageclubindia/,,https://www.linkedin.com/company/work-advantage,https://twitter.com/myadvantageclub
Advantage Club,Sourabh Deorah,,,,https://in.linkedin.com/in/sourabh-deorah-a4912b1a,
Advantage Club,Smiti Bhatt Deorah,,,,https://in.linkedin.com/in/smitibhattdeorah,
Deskimo,Deskimo,https://www.crunchbase.com/organization/deskimo,https://www.facebook.com/deskimoapp,,https://www.linkedin.com/company/72052483,
Deskimo,Christian Mischler,,,,https://www.linkedin.com/in/christianmischler,https://twitter.com/Chris_Mischler
Deskimo,Raphael Cohen,,,,https://www.linkedin.com/in/raphaelc/,
Hive Health,Hive Health,,,,https://www.linkedin.com/company/our-hive-health,
Hive Health,Camille Ang,,,,https://www.linkedin.com/in/camille-ang-19224647/,https://twitter.com/camilletanang
Hive Health,Jiawen Tang,,,,https://www.linkedin.com/in/jiawentang/,
Cococart,Cococart,https://www.crunchbase.com/organization/cococart,https://www.facebook.com/cococart.co,,https://www.linkedin.com/company/cococart-co,https://twitter.com/cococart_co
Cococart,Derek Low,,,,https://www.linkedin.com/in/dereklmy/,
Cococart,Zhicong (Z) Lim,,,,https://www.linkedin.com/in/zhiconglim/,https://twitter.com/z__cong
Nano Technologies,Dzung Dang,,,,https://www.linkedin.com/in/%F0%9F%94%AD-dzung-dang-1565425/,
Nano Technologies,Thang Nguyen,,,,https://www.linkedin.com/in/thang-nguyen-92620557/,
NextPay,NextPay,,https://www.facebook.com/nextpayph,,https://www.linkedin.com/company/nextpayph,https://twitter.com/nextpayph
NextPay,Don Pansacola,,,,https://www.linkedin.com/in/donpansacola/,
NextPay,Aldrich Tan,,,,https://www.linkedin.com/in/aldricht/,https://twitter.com/aldricht
Avion School,Avion School,,https://www.facebook.com/avionschool,https://github.com/avionschool,https://www.linkedin.com/school/avionschool/,https://twitter.com/AvionSchool
Avion School,Victor Rivera,,,,https://www.linkedin.com/in/victor-rivera-a87b70124/,https://twitter.com/riveravictor
Avion School,John Young,,,,https://linkedin.com/in/work-john-young,
Friz,Friz,https://www.crunchbase.com/organization/feige-27e7,https://www.facebook.com/UseFriz/?ref=page_internal&path=%2FUseFriz%2F,,https://www.linkedin.com/company/usefriz,https://twitter.com/usefrizcom
Friz,Nirali Zaveri,,,,http://www.linkedin.com/in/niralizaveri,
Friz,Ash Rhazaly,,,,https://www.linkedin.com/in/ashrhazaly,https://twitter.com/ashrhazaly
Homebase,Homebase,https://www.crunchbase.com/organization/homebase-ad4c,https://www.facebook.com/gethomebase,https://github.com/homebaseio,https://www.linkedin.com/company/gethomebase,
Homebase,Phillip An,,,,https://www.linkedin.com/in/phillipan/,
Homebase,Jun Yuan Tan,,,,https://www.linkedin.com/in/jy-tan/,
Greywing,Greywing,https://www.crunchbase.com/organization/greywing-28da,,https://github.com/Greywing-Maritime,https://www.linkedin.com/company/greywing,https://mobile.twitter.com/greywing_ltd
Greywing,Nick Clarke,,,,https://www.linkedin.com/in/nick-j-clarke/,https://twitter.com/nickgreywing
Greywing,Hrishi Olickel,,,,https://www.linkedin.com/in/hrishioa,
FirstSupport.ai,Terry Djony,,,,https://www.linkedin.com/in/terry-djony,https://twitter.com/Terry_Djony
BrioHR,BrioHR,https://www.crunchbase.com/organization/briohr,https://www.facebook.com/briohr/,https://github.com/BrioHR,https://www.linkedin.com/company/briohr,
BrioHR,Benjamin Croc,,,,https://www.linkedin.com/in/benjamin-croc-93669426/,
BrioHR,Nabil Oudghiri,,,,https://www.linkedin.com/in/nabil-oudghiri-870372b5,
Dashlabs.ai,Dashlabs.ai,https://www.crunchbase.com/organization/dashlabs-ai,https://www.facebook.com/dashlabsai,https://github.com/dashboardlabs,https://www.linkedin.com/company/dashlabsai/,https://twitter.com/dashlabsai
Dashlabs.ai,Bryan Giger,,,,https://linkedin.com/in/gigerbytes,
Dashlabs.ai,Martin Gomez,,,,https://www.linkedin.com/in/martingomez168,
Dashlabs.ai,Weston Coleman Lim,,,,https://www.linkedin.com/in/weston-lim-b75327b9,https://twitter.com/westoncolemancl
Aviron Interactive,Aviron Interactive,,https://www.facebook.com/avironactive,,https://www.linkedin.com/company/aviron-interactive,https://twitter.com/avironactive
Aviron Interactive,Andy Hoang,,,,https://www.linkedin.com/in/andy-hoang-93067226/,https://twitter.com/avironandy
Cyble,Cyble,https://www.crunchbase.com/organization/cyble,https://www.facebook.com/cybleau,,https://www.linkedin.com/company/14707748/,https://twitter.com/cybleglobal
Cyble,Beenu Arora,,,,https://www.linkedin.com/in/beenu-arora-b5068412/,https://twitter.com/beenuar
Cyble,Manish Chachada,,,,https://www.linkedin.com/in/manish-r-chachada/,https://twitter.com/manishchachada
Notabene,Notabene,https://www.crunchbase.com/organization/notabene-86d2,,https://github.com/Notabene-id,https://www.linkedin.com/company/notabene-id,https://twitter.com/notabene_id
Notabene,Pelle Braendgaard,,,,https://www.linkedin.com/in/pelleb/,https://twitter.com/pelleb
Notabene,Andres Junge,,,,https://www.linkedin.com/in/ajunge,https://twitter.com/ajunge_m
Notabene,Ania Lipinska,,,,https://www.linkedin.com/in/ania-lipinska/,https://twitter.com/LipinskaAnna
Notabene,Alice Nawfal,,,,https://www.linkedin.com/in/alicenawfal/,https://twitter.com/na_alice
Decentro,Decentro,https://www.crunchbase.com/organization/decentro,https://facebook.com/Decentro-104637704449006/,,https://www.linkedin.com/company/decentro/,https://twitter.com/DecentroTech
Decentro,Rohit Taneja,,,,https://www.linkedin.com/in/rohit-taneja-69b30b13/,https://twitter.com/sunnyboyrohit
Hypotenuse AI,Hypotenuse AI,,,,https://www.linkedin.com/company/hypotenuse-ai,
Hypotenuse AI,Joshua Wong,,,,https://www.linkedin.com/in/jwonged/,https://twitter.com/jwonged
Volopay,Volopay,,https://www.facebook.com/volopay,,https://www.linkedin.com/company/volopay/,https://twitter.com/volopay
Volopay,Rajith Shaji,,,,https://www.linkedin.com/in/rajiths/,https://twitter.com/itzrajith
Volopay,Rajesh Raikwar,,,,https://in.linkedin.com/in/rajeshraikwar,
Bot MD,Dorothea Koh,,,,https://www.linkedin.com/in/dotkoh,https://twitter.com/dotkoh5
Bot MD,Yanchuan Sim,,,,https://www.linkedin.com/in/yanchuan,
ErudiFi,ErudiFi,,,https://github.com/erudifi,https://www.linkedin.com/company/erudifi/,
ErudiFi,Naga Tan,,,,https://www.linkedin.com/in/nagatan/,
ErudiFi,Susli Lie,,,,https://www.linkedin.com/in/susli/,
Pop Meals,Jonathan Weins,,,,https://www.linkedin.com/in/jonathanweins/,
Pop Meals,Chris Edelmann,,,,https://www.linkedin.com/in/christian-edelmann-we-are-hiring-27166531/,
Pop Meals,Jessica Li,,,,https://www.linkedin.com/in/jessicaykli/,
AlemHealth,Aschkan Abdul Malek,,,,https://www.linkedin.com/in/aschkan,
Jenfi,Jenfi,https://www.crunchbase.com/organization/jenfi,https://www.facebook.com/jenficapital/,https://github.com/jenfi-eng,https://www.linkedin.com/company/jenfi,https://twitter.com/JenfiCapital
Jenfi,Jeffrey Liu,,,,https://www.linkedin.com/in/jeffreykliu/,
Jenfi,Justin Louie,,,,https://www.linkedin.com/in/nitsujri,
borong,borong,https://www.crunchbase.com/organization/dropee-com,https://www.facebook.com/dropeeofficial/,,https://www.linkedin.com/company/borong-malaysia/,https://twitter.com/dropeeofficial/
borong,Lennise Ng,,,,https://www.linkedin.com/in/lenniseng,
borong,Aizat Rahim,,,,https://www.linkedin.com/in/aizatrahim/,https://twitter.com/aizath/
borong,Haslinda Rasip,,,,https://www.linkedin.com/in/lindarasip/,
Pahamify,Pahamify,,https://www.facebook.com/pahamify/,,https://www.linkedin.com/company/pahamify/,https://twitter.com/pahamify
Pahamify,Edria Albert,,,,https://www.linkedin.com/in/edria-albert-38223341/,
Pahamify,Syarif Rousyan Fikri,,,,https://www.linkedin.com/in/syarif-rousyan-fikri-4b223851/,
Pahamify,Mohammad Ikhsan,,,,https://linkedin.com/in/mohammad-ikhsan-2a861a30,
twoplus fertility,Prusothman Raja,,,,https://www.linkedin.com/in/prusothman-sina-raja-93881440/,
twoplus fertility,Benjamin Tee,,,,https://linkedin.com/in/benjamintee,
Taskade,Taskade,https://www.crunchbase.com/organization/taskade,https://facebook.com/taskade,https://github.com/taskade,https://www.linkedin.com/company/taskade,https://twitter.com/taskade
Taskade,John Xie,,,,https://www.linkedin.com/in/johnxie/,https://twitter.com/johnxie
Taskade,Stan Chang Khin Boon,,,,https://www.linkedin.com/in/lxcid,
Taskade,Dionis Loire,,,,https://www.linkedin.com/in/dionis-loire-6000588,
Eden Farm,Eden Farm,,https://www.facebook.com/EdenFarmId/,,https://www.linkedin.com/company/14422413,
Eden Farm,Febrianto Gamal,,,,https://www.linkedin.com/in/febrianto-gamal-3829b08b/,
Eden Farm,David Gunawan,,,,https://www.linkedin.com/in/dgunawan1,
Eden Farm,Ramavito Mountanio,,,,https://www.linkedin.com/in/ramavito-mountaino-12873a132/,
Shiok Meats,Shiok Meats,https://www.crunchbase.com/organization/shiok-meats,https://www.facebook.com/shiokmeats/,,https://www.linkedin.com/company/shiokmeats/,https://twitter.com/shiokmeats
Shiok Meats,Sandhya Sriram,,,,https://www.linkedin.com/in/sandhyasriram/,
Traverse Technologies,Eugene Huang,,,,https://www.linkedin.com/in/eugenehuangsg/,
Traverse Technologies,Thet Lin Thu,,,,https://www.linkedin.com/in/thetlinthu/,
AllSome Fulfillment,AllSome Fulfillment,https://www.crunchbase.com/organization/5688-global-limited,https://www.facebook.com/allsomeglobal,,https://www.linkedin.com/company/allsome,
AllSome Fulfillment,LIU YI SHU,,,,https://www.linkedin.com/in/yishu-liu-61357217a,
AllSome Fulfillment,Ng Yi Ying,,,,http://www.linkedin.com/in/yi2ng2,
Xfers,Tianwei Liu,,,,https://www.linkedin.com/in/tianweiliu,
Xfers,Victor Liew Jia Hao,,,,https://www.linkedin.com/in/victorliewjiahao/,
Kalibrr,Paul Rivera,,,,https://ph.linkedin.com/in/paulvrivera,
Kalibrr,Danny Castonguay,,,,https://www.linkedin.com/in/dannycastonguay/,
Kalibrr,Dexter Ligot-Gordon,,,,https://www.linkedin.com/in/ligotgordon/,https://twitter.com/dexmarksthespot
MadEats,Mikee Villareal,,,,https://www.linkedin.com/in/mikeevillareal,http://twitter.com/mikee_villareal
MadEats,Andie Cruz,,,,https://www.linkedin.com/in/andrea-cruz-a46155148,https://twitter.com/ndiecruz
MadEats,Keisha Lao,,,,http://linkedin.com/in/keisha-lao-8713681b0,https://twitter.com/keishalao
OctiFi,OctiFi,,https://www.facebook.com/octifi,,https://www.linkedin.com/company/octifi,https://twitter.com/octifi
OctiFi,Ed Chin,,,,https://www.linkedin.com/in/echin6/,
OctiFi,Amit Kumar,,,,https://linkedin.com/in/sainiamit,
Saleswhale,Gabriel Lim,,,,http://sg.linkedin.com/pub/gabriel-lim/75/916/7a9,
Saleswhale,Ethan Le,,,,https://www.linkedin.com/in/ethan-le-16a4357/,
Saleswhale,Venus Wong,,,,https://www.linkedin.com/pub/venus-wong/10/b9b/8b9,
Suggestr,Suggestr,https://www.crunchbase.com/organization/suggestr,,,https://www.linkedin.com/company/suggestr/?viewAsMember=true,https://twitter.com/get_suggestr
Suggestr,Aditya Mehta,,,,https://linkedin.com/in/mehta-aditya,https://twitter.com/adityamehtax/
Suggestr,Oleksii Sidorov,,,,https://linkedin.com/in/sidorovoleksii,https://twitter.com/acecreamu
Cherry Recommends,Cherry Recommends,,,,https://www.linkedin.com/company/cherryrecommends/,
Cherry Recommends,Isaac Donnelly,,,,https://au.linkedin.com/in/isaac-donnelly-126744109,
Cherry Recommends,Rian Finnegan,,,,https://www.linkedin.com/in/rian-finnegan/,https://twitter.com/rianfinnegan
Milky Way AI,Milky Way AI,,,,https://www.linkedin.com/company/milkywayai,
Milky Way AI,Eunice Wong,,,,https://linkedin.com/in/eunicewes,
Milky Way AI,Sagar Setu,,,,https://www.linkedin.com/in/sagarsetu/,
Finantier,Finantier,https://www.crunchbase.com/organization/finantier,,https://github.com/finantier,https://www.linkedin.com/company/finantier,https://twitter.com/finantier
Finantier,Diego Rojas,,,,https://linkedin.com/in/diegolrojas,https://twitter.com/diegoluisr
Finantier,Keng Low,,,,https://www.linkedin.com/in/keng/,https://twitter.com/raconteer
Meson,Edrick Guan,,,,https://www.linkedin.com/in/edrick-yuhui-guan-913a3637/,
Meson,Zehao Li,,,,https://www.linkedin.com/in/zehao-li,
Maitian.ai,Ye Xia,,,,https://www.linkedin.com/in/ye-xia-340803135/,
